id;street;house_number;zip_code;residence
1;Reilly Ridges;Interactions Future Quality;19816-5387;navigating Solutions
2;Ondricka Stream;Zambian Kwacha;58895;Cambridgeshire Pants
3;Larkin Forge;Health copy;51972;Kids
4;Wintheiser Shoals;Car Chile platforms;73844-6951;generating Guyana Dollar
5;Gutmann Summit;Applications circuit hacking;25873;override Personal Loan Account
6;Albert Radial;Home Quality-focused;87983;initiative Soap Orchestrator
7;Dawn Summit;transmit;80134-2876;Cayman Islands Dollar
8;Sipes Neck;morph bus;29388-6058;invoice Accounts Savings Account
9;Nicolas Corner;Auto Loan Account Administrator Luxembourg;15309-9377;Credit Card Account calculating
10;Madge Estates;multi-tasking Tasty;39330;Ramp Gloves Metal
